{
    "0": {
        "m1": 50000.0,
        "m2": 50.0,
        "a": 0.99,
        "e_0": 0.0,
        "e_f": 0.0,
        "Tpl": 0.25,
        "dt": 0.6
    },
    "1": {
        "m1": 50000.0,
        "m2": 50.0,
        "a": 0.99,
        "e_0": 0.3,
        "e_f": 0.004013577705753231,
        "Tpl": 0.25,
        "dt": 0.6
    },
    "2": {
        "m1": 50000.0,
        "m2": 50.0,
        "a": -0.99,
        "e_0": 0.0,
        "e_f": 0.0,
        "Tpl": 0.25,
        "dt": 0.6
    },
    "3": {
        "m1": 50000.0,
        "m2": 50.0,
        "a": -0.99,
        "e_0": 0.3,
        "e_f": 0.06040950934831951,
        "Tpl": 0.25,
        "dt": 0.6
    },
    "4": {
        "m1": 100000.0,
        "m2": 100.0,
        "a": 0.99,
        "e_0": 0.0,
        "e_f": 0.0,
        "Tpl": 0.25,
        "dt": 0.6
    },
    "5": {
        "m1": 100000.0,
        "m2": 100.0,
        "a": 0.99,
        "e_0": 0.3,
        "e_f": 0.0051456118762876965,
        "Tpl": 0.25,
        "dt": 0.6
    },
    "6": {
        "m1": 100000.0,
        "m2": 100.0,
        "a": -0.99,
        "e_0": 0.0,
        "e_f": 0.0,
        "Tpl": 0.25,
        "dt": 0.6
    },
    "7": {
        "m1": 100000.0,
        "m2": 100.0,
        "a": -0.99,
        "e_0": 0.3,
        "e_f": 0.07478906103743227,
        "Tpl": 0.25,
        "dt": 0.6
    },
    "8": {
        "m1": 1000000.0,
        "m2": 1000.0,
        "a": 0.99,
        "e_0": 0.0,
        "e_f": 0.0,
        "Tpl": 0.25,
        "dt": 10.0
    },
    "9": {
        "m1": 1000000.0,
        "m2": 1000.0,
        "a": 0.99,
        "e_0": 0.3,
        "e_f": 0.011656200799191654,
        "Tpl": 0.25,
        "dt": 10.0
    },
    "10": {
        "m1": 1000000.0,
        "m2": 1000.0,
        "a": -0.99,
        "e_0": 0.0,
        "e_f": 0.0,
        "Tpl": 0.25,
        "dt": 10.0
    },
    "11": {
        "m1": 1000000.0,
        "m2": 1000.0,
        "a": -0.99,
        "e_0": 0.3,
        "e_f": 0.14561852274269602,
        "Tpl": 0.25,
        "dt": 10.0
    },
    "12": {
        "m1": 10000000.0,
        "m2": 10000.0,
        "a": 0.99,
        "e_0": 0.0,
        "e_f": 0.0,
        "Tpl": 0.25,
        "dt": 100.0
    },
    "13": {
        "m1": 10000000.0,
        "m2": 10000.0,
        "a": 0.99,
        "e_0": 0.3,
        "e_f": 0.026830030138366236,
        "Tpl": 0.25,
        "dt": 100.0
    },
    "14": {
        "m1": 10000000.0,
        "m2": 10000.0,
        "a": -0.99,
        "e_0": 0.0,
        "e_f": 0.0,
        "Tpl": 0.25,
        "dt": 100.0
    },
    "15": {
        "m1": 10000000.0,
        "m2": 10000.0,
        "a": -0.99,
        "e_0": 0.3,
        "e_f": 0.24108787753241906,
        "Tpl": 0.25,
        "dt": 100.0
    },
    "16": {
        "m1": 50000.0,
        "m2": 5.0,
        "a": 0.99,
        "e_0": 0.0,
        "e_f": 0.0,
        "Tpl": 0.25,
        "dt": 0.6
    },
    "17": {
        "m1": 50000.0,
        "m2": 5.0,
        "a": 0.99,
        "e_0": 0.3,
        "e_f": 0.009106713769252038,
        "Tpl": 0.25,
        "dt": 0.6
    },
    "18": {
        "m1": 50000.0,
        "m2": 5.0,
        "a": -0.99,
        "e_0": 0.0,
        "e_f": 0.0,
        "Tpl": 0.25,
        "dt": 0.6
    },
    "19": {
        "m1": 50000.0,
        "m2": 5.0,
        "a": -0.99,
        "e_0": 0.3,
        "e_f": 0.12028757621722898,
        "Tpl": 0.25,
        "dt": 0.6
    },
    "20": {
        "m1": 100000.0,
        "m2": 10.0,
        "a": 0.99,
        "e_0": 0.0,
        "e_f": 0.0,
        "Tpl": 0.25,
        "dt": 0.6
    },
    "21": {
        "m1": 100000.0,
        "m2": 10.0,
        "a": 0.99,
        "e_0": 0.3,
        "e_f": 0.011645030420994558,
        "Tpl": 0.25,
        "dt": 0.6
    },
    "22": {
        "m1": 100000.0,
        "m2": 10.0,
        "a": -0.99,
        "e_0": 0.0,
        "e_f": 0.0,
        "Tpl": 0.25,
        "dt": 0.6
    },
    "23": {
        "m1": 100000.0,
        "m2": 10.0,
        "a": -0.99,
        "e_0": 0.3,
        "e_f": 0.14551421242377613,
        "Tpl": 0.25,
        "dt": 0.6
    },
    "24": {
        "m1": 1000000.0,
        "m2": 100.0,
        "a": 0.99,
        "e_0": 0.0,
        "e_f": 0.0,
        "Tpl": 0.25,
        "dt": 10.0
    },
    "25": {
        "m1": 1000000.0,
        "m2": 100.0,
        "a": 0.99,
        "e_0": 0.3,
        "e_f": 0.02680298816965299,
        "Tpl": 0.25,
        "dt": 10.0
    },
    "26": {
        "m1": 1000000.0,
        "m2": 100.0,
        "a": -0.99,
        "e_0": 0.0,
        "e_f": 0.0,
        "Tpl": 0.25,
        "dt": 10.0
    },
    "27": {
        "m1": 1000000.0,
        "m2": 100.0,
        "a": -0.99,
        "e_0": 0.3,
        "e_f": 0.24098347151255334,
        "Tpl": 0.25,
        "dt": 10.0
    },
    "28": {
        "m1": 10000000.0,
        "m2": 1000.0,
        "a": 0.99,
        "e_0": 0.0,
        "e_f": 0.0,
        "Tpl": 0.25,
        "dt": 100.0
    },
    "29": {
        "m1": 10000000.0,
        "m2": 1000.0,
        "a": 0.99,
        "e_0": 0.3,
        "e_f": 0.06721109042895572,
        "Tpl": 0.25,
        "dt": 100.0
    },
    "30": {
        "m1": 10000000.0,
        "m2": 1000.0,
        "a": -0.99,
        "e_0": 0.0,
        "e_f": 0.0,
        "Tpl": 0.25,
        "dt": 100.0
    },
    "31": {
        "m1": 10000000.0,
        "m2": 1000.0,
        "a": -0.99,
        "e_0": 0.3,
        "e_f": 0.30013079536028203,
        "Tpl": 0.25,
        "dt": 100.0
    },
    "32": {
        "m1": 1000000.0,
        "m2": 100.0,
        "a": 0.99,
        "e_0": 0.0,
        "e_f": 0.0,
        "Tpl": 1.5,
        "dt": 10.0
    },
    "33": {
        "m1": 1000000.0,
        "m2": 100.0,
        "a": 0.99,
        "e_0": 0.3,
        "e_f": 0.01396809287087649,
        "Tpl": 1.5,
        "dt": 10.0
    },
    "34": {
        "m1": 1000000.0,
        "m2": 100.0,
        "a": -0.99,
        "e_0": 0.0,
        "e_f": 0.0,
        "Tpl": 1.5,
        "dt": 10.0
    },
    "35": {
        "m1": 1000000.0,
        "m2": 100.0,
        "a": -0.99,
        "e_0": 0.3,
        "e_f": 0.1659665012869689,
        "Tpl": 1.5,
        "dt": 10.0
    },
    "36": {
        "m1": 10000000.0,
        "m2": 1000.0,
        "a": 0.99,
        "e_0": 0.0,
        "e_f": 0.0,
        "Tpl": 1.5,
        "dt": 100.0
    },
    "37": {
        "m1": 10000000.0,
        "m2": 1000.0,
        "a": 0.99,
        "e_0": 0.3,
        "e_f": 0.032510611529481905,
        "Tpl": 1.5,
        "dt": 100.0
    },
    "38": {
        "m1": 10000000.0,
        "m2": 1000.0,
        "a": -0.99,
        "e_0": 0.0,
        "e_f": 0.0,
        "Tpl": 1.5,
        "dt": 100.0
    },
    "39": {
        "m1": 10000000.0,
        "m2": 1000.0,
        "a": -0.99,
        "e_0": 0.3,
        "e_f": 0.2595609318270127,
        "Tpl": 1.5,
        "dt": 100.0
    },
    "40": {
        "m1": 1000000.0,
        "m2": 100.0,
        "a": 0.99,
        "e_0": 0.0,
        "e_f": 0.0,
        "Tpl": 4.5,
        "dt": 10.0
    },
    "41": {
        "m1": 1000000.0,
        "m2": 100.0,
        "a": 0.99,
        "e_0": 0.3,
        "e_f": 0.009453188419475941,
        "Tpl": 4.5,
        "dt": 10.0
    },
    "42": {
        "m1": 1000000.0,
        "m2": 100.0,
        "a": -0.99,
        "e_0": 0.0,
        "e_f": 0.0,
        "Tpl": 4.5,
        "dt": 10.0
    },
    "43": {
        "m1": 1000000.0,
        "m2": 100.0,
        "a": -0.99,
        "e_0": 0.3,
        "e_f": 0.12391131857915731,
        "Tpl": 4.5,
        "dt": 10.0
    },
    "44": {
        "m1": 10000000.0,
        "m2": 1000.0,
        "a": 0.99,
        "e_0": 0.0,
        "e_f": 0.0,
        "Tpl": 4.5,
        "dt": 100.0
    },
    "45": {
        "m1": 10000000.0,
        "m2": 1000.0,
        "a": 0.99,
        "e_0": 0.3,
        "e_f": 0.021568807603349203,
        "Tpl": 4.5,
        "dt": 100.0
    },
    "46": {
        "m1": 10000000.0,
        "m2": 1000.0,
        "a": -0.99,