{
    "Source_1": {
        "m1": 15000000.0,
        "m2": 15.0,
        "a": 0.9,
        "e0": 0.0001,
        "p0": 2.9728769161704376,
        "e_f": 0.00021870420921294795,
        "p_f": 2.3230522729975367,
        "initial_frequency": 0.0007149759779010048,
        "final_frequency": 0.0009701986061431366,
        "final_f_Phi": 0.0004850993030715683,
        "final_f_Theta": 0.0003194052125340953,
        "final_f_R": 9.745836851458977e-06,
        "redshift": 0.5,
        "T_plunge_yr": 1.9899977957734405,
        "m1_source": 10000000.0,
        "m2_source": 10.0
    },
    "Source_2": {
        "m1": 15000000.0,
        "m2": 15.0,
        "a": 0.9,
        "e0": 0.1,
        "p0": 2.9937886107012606,
        "e_f": 0.09986571083278618,
        "p_f": 2.4069551054911034,
        "initial_frequency": 0.000706850897935634,
        "final_frequency": 0.000977154232071967,
        "final_f_Phi": 0.0004885771160359835,
        "final_f_Theta": 0.0003188354378699766,
        "final_f_R": 3.557658021364136e-05,
        "redshift": 0.5,
        "T_plunge_yr": 1.9899978015183273,
        "m1_source": 10000000.0,
        "m2_source": 10.0
    },
    "Source_3": {
        "m1": 15000000.0,
        "m2": 15.0,
        "a": 0.9,
        "e0": 0.5,
        "p0": 3.227808204122441,
        "e_f": 0.4450081507478605,
        "p_f": 2.7705127179758167,
        "initial_frequency": 0.0005684464256134699,
        "final_frequency": 0.0009372776242903765,
        "final_f_Phi": 0.00046863881214518824,
        "final_f_Theta": 0.0002893658631600556,
        "final_f_R": 5.303988215104281e-05,
        "redshift": 0.5,
        "T_plunge_yr": 1.9899846076403074,
        "m1_source": 10000000.0,
        "m2_source": 10.0
    },
    "Source_4": {
        "m1": 20000000.0,
        "m2": 2000.0,
        "a": 0.9,
        "e0": 0.0001,
        "p0": 7.154304469561328,
        "e_f": 5.457024946691231e-05,
        "p_f": 2.322925261029681,
        "initial_frequency": 0.00016127223740904282,
        "final_frequency": 0.0007276930738724804,
        "final_f_Phi": 0.0003638465369362402,
        "final_f_Theta": 0.0002395596915164589,
        "final_f_R": 7.100266404365707e-06,
        "redshift": 1.0,
        "T_plunge_yr": 1.989998684127825,
        "m1_source": 10000000.0,
        "m2_source": 1000.0
    },
    "Source_5": {
        "m1": 20000000.0,
        "m2": 2000.0,
        "a": 0.9,
        "e0": 0.1,
        "p0": 7.1521373438244265,
        "e_f": 0.030507755324817816,
        "p_f": 2.3471594475116935,
        "initial_frequency": 0.00015956232471202818,
        "final_frequency": 0.0007278947108082676,
        "final_f_Phi": 0.0003639473554041338,
        "final_f_Theta": 0.00023947551661274494,
        "final_f_R": 1.806153310461576e-05,
        "redshift": 1.0,
        "T_plunge_yr": 1.9900127545844595,
        "m1_source": 10000000.0,
        "m2_source": 1000.0
    },
    "Source_6": {
        "m1": 20000000.0,
        "m2": 2000.0,
        "a": 0.9,
        "e0": 0.5,
        "p0": 7.049209004746052,
        "e_f": 0.1292770875608637,
        "p_f": 2.4340338829757737,
        "initial_frequency": 0.00011870797610919313,
        "final_frequency": 0.0007344533360734081,
        "final_f_Phi": 0.00036722666803670404,
        "final_f_Theta": 0.00023862008351979545,
        "final_f_R": 2.90532367230693e-05,
        "redshift": 1.0,
        "T_plunge_yr": 1.9899987823880918,
        "m1_source": 10000000.0,
        "m2_source": 1000.0
    },
    "Source_7": {
        "m1": 3000000.0,
        "m2": 30.0,
        "a": 0.9,
        "e0": 0.0001,
        "p0": 6.456700078235782,
        "e_f": 6.448652494939406e-05,
        "p_f": 2.3229329334186413,
        "initial_frequency": 0.0012447155569280078,
        "final_frequency": 0.0048512686346832805,
        "final_f_Phi": 0.0024256343173416402,
        "final_f_Theta": 0.001597062184038622,
        "final_f_R": 4.742225875870869e-05,
        "redshift": 2.0,
        "T_plunge_yr": 1.9899978792416808,
        "m1_source": 1000000.0,
        "m2_source": 10.0
    },
    "Source_8": {
        "m1": 3000000.0,
        "m2": 30.0,
        "a": 0.9,
        "e0": 0.1,
        "p0": 6.455290145493422,
        "e_f": 0.03511146411776232,
        "p_f": 2.3509364556972807,
        "initial_frequency": 0.0012319495456911602,
        "final_frequency": 0.004854701188607045,
        "final_f_Phi": 0.0024273505943035226,
        "final_f_Theta": 0.0015965417528571815,
        "final_f_R": 0.00012595857836483076,
        "redshift": 2.0,
        "T_plunge_yr": 1.9899992657634775,
        "m1_source": 1000000.0,
        "m2_source": 10.0
    },
    "Source_9": {
        "m1": 3000000.0,
        "m2": 30.0,
        "a": 0.9,
        "e0": 0.5,
        "p0": 6.375601711156314,
        "e_f": 0.15002962819549137,
        "p_f": 2.4536951459786494,
        "initial_frequency": 0.0009248145662996592,
        "final_frequency": 0.004901602081835475,
        "final_f_Phi": 0.0024508010409177374,
        "final_f_Theta": 0.0015874753108180981,
        "final_f_R": 0.00020325629102185388,
        "redshift": 2.0,
        "T_plunge_yr": 1.9899975084522858,
        "m1_source": 1000000.0,
        "m2_source": 10.0
    },
    "Source_10": {
        "m1": 10000000.0,
        "m2": 10000.0,
        "a": 0.9,
        "e0": 0.0001,
        "p0": 15.454671364633455,
        "e_f": 1.5817580231342233e-05,
        "p_f": 2.322895278867493,
        "initial_frequency": 0.00010481532109214021,
        "final_frequency": 0.0014554081659919134,
        "final_f_Phi": 0.0007277040829959567,
        "final_f_Theta": 0.00047912226606103606,
        "final_f_R": 1.4097186951847065e-05,
        "redshift": 9.0,
        "T_plunge_yr": 1.9899957999784712,
        "m1_source": 1000000.0,
        "m2_source": 1000.0
    },
    "Source_11": {
        "m1": 10000000.0,
        "m2": 10000.0,
        "a": 0.9,
        "e0": 0.1,
        "p0": 15.444613967992176,
        "e_f": 0.010778641854135226,
        "p_f": 2.3313073852900223,
        "initial_frequency": 0.0001035310452591301,
        "final_frequency": 0.0014539984138807447,
        "final_f_Phi": 0.0007269992069403724,
        "final_f_Theta": 0.0004789085584960709,
        "final_f_R": 2.641508410804384e-05,
        "redshift": 9.0,
        "T_plunge_yr": 1.9899981110799994,
        "m1_source": 1000000.0,
        "m2_source": 1000.0
    },
    "Source_12": {
        "m1": 10000000.0,
        "m2": 10000.0,
        "a": 0.9,
        "e0": 0.5,
        "p0": 15.08697560746161,
        "e_f": 0.0447703287227837,
        "p_f": 2.358953926095371,
        "initial_frequency": 7.387943287632948e-05,
        "final_frequency": 0.0014578073619174346,
        "final_f_Phi": 0.0007289036809587173,
        "final_f_Theta": 0.00047896891876709184,
        "final_f_R": 4.089328043650586e-05,
        "redshift": 9.0,
        "T_plunge_yr": 1.990000000565838,
        "m1_source": 1000000.0,
        "m2_source": 1000.0
    },
    "Source_13": {
        "m1": 150000.0,
        "m2": 15.0,
        "a": 0.9,
        "e0": 0.0001,
        "p0": 25.12790513647978,
        "e_f": 7.3170595313008335e-06,
        "p_f": 2.322888702438061,
        "initial_frequency": 0.003396118758053604,
        "final_frequency": 0.09702753740943482,
        "final_f_Phi": 0.04851376870471741,
        "final_f_Theta": 0.031941527126276806,
        "final_f_R": 0.000938284126210012,
        "redshift": 0.5,
        "T_plunge_yr": 1.9899996355231406,
        "m1_source": 100000.0,
        "m2_source": 10.0
    },
    "Source_14": {
        "m1": 150000.0,
        "m2": 15.0,
        "a": 0.9,
        "e0": 0.1,
        "p0": 25.10881861654999,
        "e_f": 0.005587427364590939,
        "p_f": 2.3272287607200672,
        "initial_frequency": 0.0033527669102488703,
        "final_frequency": 0.09694097790349417,
        "final_f_Phi": 0.04847048895174708,
        "final_f_Theta": 0.031929651210146744,