{
    "Source_1": {
        "m1": 15000000.0,
        "m2": 15.0,
        "a": 0.9,
        "e0": 0.0001,
        "p0": 2.9728769161704376,
        "e_f": 0.00021870420921294795,
        "p_f": 2.3230522729975367,
        "initial_frequency": 0.0007149759779010048,
        "final_frequency": 0.0009701986061431366,
        "final_f_Phi": 0.0004850993030715683,
        "final_f_Theta": 0.0003194052125340953,
        "final_f_R": 9.745836851458977e-06,
        "redshift": 0.5,
        "T_plunge_yr": 1.9899977957734405,
        "m1_source": 10000000.0,
        "m2_source": 10.0
    },
    "Source_2": {
        "m1": 15000000.0,
        "m2": 15.0,
        "a": 0.9,
        "e0": 0.5,
        "p0": 3.227808204122441,
        "e_f": 0.4450081507478605,
        "p_f": 2.7705127179758167,
        "initial_frequency": 0.0005684464256134699,
        "final_frequency": 0.0009372776242903765,
        "final_f_Phi": 0.00046863881214518824,
        "final_f_Theta": 0.0002893658631600556,
        "final_f_R": 5.303988215104281e-05,
        "redshift": 0.5,
        "T_plunge_yr": 1.9899846076403074,
        "m1_source": 10000000.0,
        "m2_source": 10.0
    },
    "Source_3": {
        "m1": 3000000.0,
        "m2": 30.0,
        "a": 0.9,
        "e0": 0.0001,
        "p0": 6.456700078235782,
        "e_f": 6.448652494939406e-05,
        "p_f": 2.3229329334186413,
        "initial_frequency": 0.0012447155569280078,
        "final_frequency": 0.0048512686346832805,
        "final_f_Phi": 0.0024256343173416402,
        "final_f_Theta": 0.001597062184038622,
        "final_f_R": 4.742225875870869e-05,
        "redshift": 2.0,
        "T_plunge_yr": 1.9899978792416808,
        "m1_source": 1000000.0,
        "m2_source": 10.0
    },
    "Source_4": {
        "m1": 3000000.0,
        "m2": 30.0,
        "a": 0.9,
        "e0": 0.5,
        "p0": 6.375601711156314,
        "e_f": 0.15002962819549137,
        "p_f": 2.4536951459786494,
        "initial_frequency": 0.0009248145662996592,
        "final_frequency": 0.004901602081835475,
        "final_f_Phi": 0.0024508010409177374,
        "final_f_Theta": 0.0015874753108180981,
        "final_f_R": 0.00020325629102185388,
        "redshift": 2.0,
        "T_plunge_yr": 1.9899975084522858,
        "m1_source": 1000000.0,
        "m2_source": 10.0
    },
    "Source_5": {
        "m1": 150000.0,
        "m2": 15.0,
        "a": 0.9,
        "e0": 0.0001,
        "p0": 25.12790513647978,
        "e_f": 7.3170595313008335e-06,
        "p_f": 2.322888702438061,
        "initial_frequency": 0.003396118758053604,
        "final_frequency": 0.09702753740943482,
        "final_f_Phi": 0.04851376870471741,
        "final_f_Theta": 0.031941527126276806,
        "final_f_R": 0.000938284126210012,
        "redshift": 0.5,
        "T_plunge_yr": 1.9899996355231406,
        "m1_source": 100000.0,
        "m2_source": 10.0
    },
    "Source_6": {
        "m1": 150000.0,
        "m2": 15.0,
        "a": 0.9,
        "e0": 0.5,
        "p0": 24.456845349024665,
        "e_f": 0.02354570232554309,
        "p_f": 2.341503020040761,
        "initial_frequency": 0.002362518934974415,
        "final_frequency": 0.09699640505507706,
        "final_f_Phi": 0.04849820252753853,
        "final_f_Theta": 0.031928557924601454,
        "final_f_R": 0.002219547138515617,
        "redshift": 0.5,
        "T_plunge_yr": 1.99001628328505,
        "m1_source": 100000.0,
        "m2_source": 10.0
    },
    "Source_7": {
        "m1": 15000.0,
        "m2": 15.0,
        "a": 0.9,
        "e0": 0.0001,
        "p0": 80.53731437583869,
        "e_f": 1.165183856937152e-06,
        "p_f": 2.322885929076164,
        "initial_frequency": 0.005953511060601559,
        "final_frequency": 0.9702767537252103,
        "final_f_Phi": 0.48513837686260514,
        "final_f_Theta": 0.3194154518658176,
        "final_f_R": 0.009376380534914927,
        "redshift": 0.5,
        "T_plunge_yr": 1.9900000348670515,
        "m1_source": 10000.0,
        "m2_source": 10.0
    },
    "Source_8": {
        "m1": 15000.0,
        "m2": 15.0,
        "a": 0.9,
        "e0": 0.5,
        "p0": 78.15527010617856,
        "e_f": 0.005000311981835889,
        "p_f": 2.326770256782745,
        "initial_frequency": 0.004081278741435047,
        "final_frequency": 0.9694439633328473,
        "final_f_Phi": 0.48472198166642366,
        "final_f_Theta": 0.3193020387557654,
        "final_f_R": 0.014440902681216713,
        "redshift": 0.5,
        "T_plunge_yr": 1.9899838072801659,
        "m1_source": 10000.0,
        "m2_source": 10.0
    }
}