{
    "0.0": {
        "m1": [
            1000.0,
            3162.277660168379,
            10000.0,
            31622.776601683792,
            100000.0,
            316227.7660168379,
            1000000.0,
            3162277.6601683795,
            10000000.0,
            31622776.60168379
        ],
        "redshift": [
            0.036521124844052635,
            0.0504477712095164,
            0.08730497184227047,
            0.15825549433820985,
            0.27477881427967255,
            0.3915141367885915,
            0.2702573380731906,
            0.06863793628787862,
            0.007805549650508129,
            0.00045424829912561564
        ]
    },
    "0.99": {
        "m1": [
            1000.0,
            3162.277660168379,
            10000.0,
            31622.776601683792,
            100000.0,
            316227.7660168379,
            1000000.0,
            3162277.6601683795,
            10000000.0,
            31622776.60168379
        ],
        "redshift": [
            0.03705684975760109,
            0.050473084054955014,
            0.08735581043901067,
            0.16070072402657146,
            0.3028465793461974,
            0.5637915280144221,
            0.8931902376812054,
            0.7182028716959807,
            0.23907410794409334,
            0.0349042296705794
        ]
    },
    "-0.99": {
        "m1": [
            1000.0,
            3162.277660168379,
            10000.0,
            31622.776601683792,
            100000.0,
            316227.7660168379,
            1000000.0,
            3162277.6601683795,
            10000000.0,
            31622776.60168379
        ],
        "redshift": [
            0.03630494946066781,
            0.05027526352089378,
            0.08572932814825111,
            0.15402640911273027,
            0.25209334074273393,
            0.2893476431506474,
            0.12436798107391066,
            0.01965473445011444,
            0.001554594797242013,
            7.269005817683177e-05
        ]
    }
}