{
    "-0.99": {
        "m1": [
            1000.0,
            3162.277660168379,
            10000.0,
            31622.776601683792,
            100000.0,
            316227.7660168379,
            1000000.0,
            3162277.6601683795,
            10000000.0,
            31622776.60168379
        ],
        "redshift": [
            0.043337343904893,
            0.060599135675335966,
            0.10345538806861629,
            0.18883537026981614,
            0.3077536057117837,
            0.3459321259920659,
            0.14360472038994834,
            0.023434809180450444,
            0.0018501618509379214,
            8.64328243657353e-05
        ]
    },
    "0.0": {
        "m1": [
            1000.0,
            3162.277660168379,
            10000.0,
            31622.776601683792,
            100000.0,
            316227.7660168379,
            1000000.0,
            3162277.6601683795,
            10000000.0,
            31622776.60168379
        ],
        "redshift": [
            0.04359060518265434,
            0.060856805833287474,
            0.10542831370067181,
            0.1944089951161658,
            0.3364691394727194,
            0.4742729468954224,
            0.31605108005420457,
            0.0809267261345916,
            0.00929828725176729,
            0.0005402782273467137
        ]
    },
    "0.99": {
        "m1": [
            1000.0,
            3162.277660168379,
            10000.0,
            31622.776601683792,
            100000.0,
            316227.7660168379,
            1000000.0,
            3162277.6601683795,
            10000000.0,
            31622776.60168379
        ],
        "redshift": [
            0.04415557767817117,
            0.06090145601824349,
            0.10564115984389705,
            0.19754363189734786,
            0.37196836575076425,
            0.7228430863818179,
            1.1137379250280655,
            0.8341250867142798,
            0.27532953610234595,
            0.04104308137107741
        ]
    }
}