{
    "-0.99": {
        "m1": [
            1000.0,
            3162.2776602,
            10000.0,
            31622.7766017,
            100000.0,
            316227.7660168,
            1000000.0,
            3162277.6601684,
            10000000.0,
            31622776.6016838
        ],
        "redshift": [
            0.053823996778536394,
            0.07616221843308861,
            0.13097858255348932,
            0.24231711592769667,
            0.39286570057765047,
            0.43017663795982025,
            0.17124335912160324,
            0.02906433670798807,
            0.0022894305794142608,
            0.00010683672838856811
        ]
    },
    "0.0": {
        "m1": [
            1000.0,
            3162.2776602,
            10000.0,
            31622.7766017,
            100000.0,
            316227.7660168,
            1000000.0,
            3162277.6601684,
            10000000.0,
            31622776.6016838
        ],
        "redshift": [
            0.05413126434763932,
            0.07656264208666076,
            0.13367768488311213,
            0.2500812712876647,
            0.4316979005005095,
            0.5998258490951409,
            0.3827875553948646,
            0.0989999254532016,
            0.011519106411921446,
            0.0006680466386500101
        ]
    },
    "0.99": {
        "m1": [
            1000.0,
            3162.2776602,
            10000.0,
            31622.7766017,
            100000.0,
            316227.7660168,
            1000000.0,
            3162277.6601684,
            10000000.0,
            31622776.6016838
        ],
        "redshift": [
            0.054719905751208275,
            0.07664055407250157,
            0.13428860252071903,
            0.2543196355728815,
            0.49361811905219566,
            0.9797925911102229,
            1.4590847374979734,
            1.001763553767369,
            0.327267391313963,
            0.050031768355500904
        ]
    }
}