{
    "-0.99": {
        "m1": [
            1000.0,
            3162.277660168379,
            10000.0,
            31622.776601683792,
            100000.0,
            316227.7660168379,
            1000000.0,
            3162277.6601683795,
            10000000.0,
            31622776.60168379
        ],
        "redshift": [
            0.030887925438006402,
            0.04248945261753283,
            0.07237611821920074,
            0.128196721966518,
            0.2106233372188808,
            0.24634111524892782,
            0.10721041074502094,
            0.01677429279358228,
            0.0013289741086620972,
            6.219058108365666e-05
        ]
    },
    "0.0": {
        "m1": [
            1000.0,
            3162.277660168379,
            10000.0,
            31622.776601683792,
            100000.0,
            316227.7660168379,
            1000000.0,
            3162277.6601683795,
            10000000.0,
            31622776.60168379
        ],
        "redshift": [
            0.031111558720684548,
            0.04260385140094952,
            0.07366131194999183,
            0.13147927069667945,
            0.2289491256078781,
            0.329440691074685,
            0.23471186844789327,
            0.05917325166135033,
            0.006667087840698292,
            0.0003885387863183737
        ]
    },
    "0.99": {
        "m1": [
            1000.0,
            3162.277660168379,
            10000.0,
            31622.776601683792,
            100000.0,
            316227.7660168379,
            1000000.0,
            3162277.6601683795,
            10000000.0,
            31622776.60168379
        ],
        "redshift": [
            0.03156658683285202,
            0.04261632863403092,
            0.07360900418849171,
            0.13343113754930702,
            0.25164484059262976,
            0.45070184679015857,
            0.732155521193938,
            0.627629762479774,
            0.21051818285249532,
            0.0297968814006344
        ]
    }
}