{
    "-0.99": {
        "m1": [
            1000.0,
            3162.277660168379,
            10000.0,
            31622.776601683792,
            100000.0,
            316227.7660168379,
            1000000.0,
            3162277.6601683795,
            10000000.0,
            31622776.60168379
        ],
        "redshift": [
            0.03156658683285202,
            0.04261632863403092,
            0.07360900418849171,
            0.13343113754930702,
            0.25164484059262976,
            0.45070184679015857,
            0.732155521193938,
            0.627629762479774,
            0.21051818285249532,
            0.0297968814006344
        ]
    },
    "0.0": {
        "m1": [
            1000.0,
            3162.277660168379,
            10000.0,
            31622.776601683792,
            100000.0,
            316227.7660168379,
            1000000.0,
            3162277.6601683795,
            10000000.0,
            31622776.60168379
        ],
        "redshift": [
            0.03156658683285202,
            0.04261632863403092,
            0.07360900418849171,
            0.13343113754930702,
            0.25164484059262976,
            0.45070184679015857,
            0.732155521193938,
            0.627629762479774,
            0.21051818285249532,
            0.0297968814006344
        ]
    },
    "0.99": {
        "m1": [
            1000.0,
            3162.277660168379,
            10000.0,
            31622.776601683792,
            100000.0,
            316227.7660168379,
            1000000.0,
            3162277.6601683795,
            10000000.0,
            31622776.60168379
        ],
        "redshift": [
            0.03156658683285202,
            0.04261632863403092,
            0.07360900418849171,
            0.13343113754930702,
            0.25164484059262976,
            0.45070184679015857,
            0.732155521193938,
            0.627629762479774,
            0.21051818285249532,
            0.0297968814006344
        ]
    }
}